id_configuracion,kilogramo_diario,kilogramo_hora,tarifa_kilogramo_producidos,estado,id_proceso,id_material,id_tipo_material
1,3500,350,0.00219114285714286,1,1,4,7
2,4000,400,0.00191725,1,1,1,2
3,4000,400,0.00191725,1,1,1,1
4,4000,400,0.00191725,1,1,1,3
5,7000,700,0.00109557142857143,1,1,2,5
6,4000,400,0.00191725,1,1,3,6
7,4000,400,0.00191725,1,1,4,7
